epoch,train_loss,val_acc,val_ci
1,1.5247478485107422,48.799999952316284,12.97750920525062
