epoch,train_loss,val_acc,val_ci
1,1.4644105434417725,62.399998903274536,11.25251615447556
