{
  "method": "loss_d",
  "seed": 0,
  "ways": 5,
  "shots": 5,
  "query": 5,
  "best_val_acc": 62.399998903274536,
  "test_acc": 54.000000059604645,
  "test_ci95": 8.919854586754125,
  "best_epoch": 1,
  "support_pol": "mixed",
  "query_pol": "mixed"
}