epoch,train_loss,val_acc,val_ci
1,1.4655648469924927,50.40000081062317,14.155488440736306
