epoch,train_loss,val_acc,val_ci
1,1.509362280368805,53.5999995470047,12.786652486938591
