{
  "method": "loss_u_d",
  "seed": 1,
  "ways": 5,
  "shots": 5,
  "query": 5,
  "best_val_acc": 53.5999995470047,
  "test_acc": 47.19999939203262,
  "test_ci95": 6.379959536724649,
  "best_epoch": 1,
  "support_pol": "mixed",
  "query_pol": "mixed"
}