epoch,train_loss,val_acc,val_ci
1,1.506653606891632,64.80000019073486,9.075456862459438
