epoch,train_loss,val_acc,val_ci
1,1.415135884284973,51.59999996423721,7.524403397498965
