epoch,train_loss,val_acc,val_ci
1,1.4941548109054565,49.59999918937683,8.800377274475055
