{
  "method": "loss_u_c",
  "seed": 0,
  "ways": 5,
  "shots": 5,
  "query": 5,
  "best_val_acc": 49.59999918937683,
  "test_acc": 51.600000858306885,
  "test_ci95": 7.791942049942054,
  "best_epoch": 1,
  "support_pol": "mixed",
  "query_pol": "mixed"
}