{
  "method": "loss_u",
  "seed": 2,
  "ways": 5,
  "shots": 1,
  "query": 5,
  "best_val_acc": 68.26000038534403,
  "test_acc": 70.82000022381544,
  "test_ci95": 0.8174999111800897,
  "best_epoch": 23,
  "support_pol": "mixed",
  "query_pol": "mixed"
}