epoch,train_loss,val_acc,val_ci
1,1.5311789989471436,42.79999986290932,9.280093543253226
