epoch,train_loss,val_acc,val_ci
1,1.4216525316238404,58.40000003576279,9.06792773792686
