epoch,train_loss,val_acc,val_ci
1,1.4327148795127869,50.40000021457672,13.936689750647838
