{
  "method": "protonet",
  "seed": 1,
  "ways": 5,
  "shots": 5,
  "query": 5,
  "best_val_acc": 50.40000021457672,
  "test_acc": 47.19999939203262,
  "test_ci95": 6.590575928217235,
  "best_epoch": 1,
  "support_pol": "mixed",
  "query_pol": "mixed"
}