epoch,train_loss,val_acc,val_ci
1,1.4941669225692749,42.000000178813934,6.8397478702017676
