epoch,train_loss,val_acc,val_ci
1,1.5112833380699158,48.00000011920929,13.579278027819564
