epoch,train_loss,val_acc,val_ci
1,1.5005303144454956,48.00000011920929,8.01232813128843
