epoch,train_loss,val_acc,val_ci
1,1.3886649012565613,43.199999928474426,4.5714653318765315
