{
  "method": "loss_u_d",
  "seed": 1,
  "ways": 5,
  "shots": 1,
  "query": 5,
  "best_val_acc": 67.67999996989965,
  "test_acc": 66.42400028407573,
  "test_ci95": 0.789660001844908,
  "best_epoch": 30,
  "support_pol": "mixed",
  "query_pol": "mixed"
}