epoch,train_loss,val_acc,val_ci
1,1.2901837229728699,56.00000023841858,10.80669493357104
