epoch,train_loss,val_acc,val_ci
1,1.3648614883422852,40.799999833106995,7.601161394670019
