{
  "method": "loss_u",
  "seed": 1,
  "ways": 5,
  "shots": 5,
  "query": 5,
  "best_val_acc": 40.799999833106995,
  "test_acc": 34.39999967813492,
  "test_ci95": 6.206322625974872,
  "best_epoch": 1,
  "support_pol": "mixed",
  "query_pol": "mixed"
}