epoch,train_loss,val_acc,val_ci
1,1.486818552017212,54.39999878406525,13.7143982996937
