epoch,train_loss,val_acc,val_ci
1,1.383197295665741,48.8399999961257,1.7216005224893687
