epoch,train_loss,val_acc,val_ci
1,1.4813547372817992,40.79999938607216,7.5561040963809365
