{
  "method": "loss_d",
  "seed": 0,
  "ways": 5,
  "shots": 1,
  "query": 5,
  "best_val_acc": 40.79999938607216,
  "test_acc": 44.00000035762787,
  "test_ci95": 16.996715068332815,
  "best_epoch": 1,
  "support_pol": "mixed",
  "query_pol": "mixed"
}