epoch,train_loss,val_acc,val_ci
1,1.4320725202560425,48.000001311302185,9.602000650195738
