{
  "method": "full",
  "seed": 0,
  "ways": 5,
  "shots": 5,
  "query": 5,
  "best_val_acc": 48.000001311302185,
  "test_acc": 43.599999994039536,
  "test_ci95": 6.44916433573208,
  "best_epoch": 1,
  "support_pol": "mixed",
  "query_pol": "mixed"
}