epoch,train_loss,val_acc,val_ci
1,1.4805798530578613,50.40000081062317,14.583243021557996
