{
  "method": "full",
  "seed": 1,
  "ways": 5,
  "shots": 5,
  "query": 5,
  "best_val_acc": 50.40000081062317,
  "test_acc": 40.39999961853027,
  "test_ci95": 5.285139667731992,
  "best_epoch": 1,
  "support_pol": "mixed",
  "query_pol": "mixed"
}