{
  "method": "loss_only",
  "seed": 2,
  "ways": 5,
  "shots": 1,
  "query": 5,
  "best_val_acc": 66.86000019311905,
  "test_acc": 68.40400020480156,
  "test_ci95": 0.806086608317231,
  "best_epoch": 28,
  "support_pol": "mixed",
  "query_pol": "mixed"
}