{
  "method": "loss_u_c",
  "seed": 1,
  "ways": 5,
  "shots": 1,
  "query": 5,
  "best_val_acc": 68.50000022351742,
  "test_acc": 68.1160001963377,
  "test_ci95": 0.8033861733568722,
  "best_epoch": 30,
  "support_pol": "mixed",
  "query_pol": "mixed"
}