epoch,train_loss,val_acc,val_ci
1,1.3923898935317993,65.59999942779541,15.990524894489196
