epoch,train_loss,val_acc,val_ci
1,1.4798270225524903,39.2000000923872,8.329935938425518
