epoch,train_loss,val_acc,val_ci
1,1.2904083132743835,47.19999969005585,18.946214937976787
