epoch,train_loss,val_acc,val_ci
1,1.3953728675842285,57.59999990463257,11.522400525868763
